437480,2278,Baggett 2018.pdf,Control arm,25.0
437480,2277,Baggett 2018.pdf,Incentive arm,25.0
263134,231,Heil 2008(c) primary paper.pdf,Contingent-voucher condition,37.0
263134,232,Heil 2008(c) primary paper.pdf,Non-contingent-voucher condition,40.0
423076,1999,Rohsenow 2017.pdf,Contingent Vouchers (CV),172.0
423076,2000,Rohsenow 2017.pdf,Noncontingent Vouchers (NV),168.0
423068,1925,Drummond 2014.pdf,Usual care,26.0
423068,1922,Drummond 2014.pdf,Contingency management and lung age,24.0
423068,1924,Drummond 2014.pdf,Lung age,24.0
423068,1923,Drummond 2014.pdf,Contingency management,26.0
263112,186,Gilbody 2015.pdf,Bespoke smoking cessation,33.0
263112,187,Gilbody 2015.pdf,Usual care,35.0
437572,2634,Tong 2018.pdf,Moderate-intensity,94.0
437572,2635,Tong 2018.pdf,Brief-intensity,109.0
263244,357,Rodondi 2012 primary paper.pdf,ultrasonographic screening (US),267.0
263244,358,Rodondi 2012 primary paper.pdf,Control,269.0
296410,782,Cummings 1988.pdf,Less structured plan + cold turkey,1534.0
296410,781,Cummings 1988.pdf,Less structured plan + gradual reduction,1534.0
296410,783,Cummings 1988.pdf,Control,1534.0
296410,780,Cummings 1988.pdf,Day-by-day plan + cold turkey,1534.0
296410,779,Cummings 1988.pdf,Day-by-day plan + gradual reduction,1534.0
437549,2345,Patten 2018.pdf,Biomarker feedback intervention,30.0
437549,2346,Patten 2018.pdf,Contact control,30.0
296274,494,Hollis TC 2007.pdf,Brief no NRT,872.0
296274,489,Hollis TC 2007.pdf,Intensive with Nicotine Replacement Therapy (NRT),721.0
296274,493,Hollis TC 2007.pdf,Moderate no NRT,718.0
296274,491,Hollis TC 2007.pdf,Brief with NRT,868.0
296274,492,Hollis TC 2007.pdf,Intensive no NRT,720.0
296274,490,Hollis TC 2007.pdf,Moderate with NRT,715.0
437470,2312,Shiffman 2019.pdf,Placebo,188.0
437470,2311,Shiffman 2019.pdf,Nicotine gum,181.0
263200,306,Mohiuddin-2007.pdf,Usual care,100.0
263200,305,Mohiuddin-2007.pdf,Intervention,109.0
263249,365,Secades Villa 2014.pdf,cognitive behavioural therapy + contingency management (CBT + CM),43.0
263249,366,Secades Villa 2014.pdf,Cognitive behavioural therapy (CBT),49.0
263058,129,Baker 2006 (c) primary paper.pdf,motivational interviewing/CBT with nicotine replacement therapy,108.0
263058,130,Baker 2006 (c) primary paper.pdf,Control,109.0
296320,591,Stotts 2002.pdf,Experimental group,84.0
296320,594,Stotts 2002.pdf,Control,82.0
263157,259,Kahler 2008 (c) primary paper.pdf,Standard smoking cessation integrating brief alcohol intervention (ST-BI),117.0
263157,260,Kahler 2008 (c) primary paper.pdf,Standard smoking cessation (ST),119.0
319601,672,Scherphof 2014a.pdf,Nicotine patch,135.0
319601,673,Scherphof 2014a.pdf,Placebo patch,122.0
321099,698,Garcia 2000.pdf,Control,48.0
321099,696,Garcia 2000.pdf,5-session,31.0
321099,697,Garcia 2000.pdf,Manual only,33.0
321099,695,Garcia 2000.pdf,5-session + manual,25.0
321099,694,Garcia 2000.pdf,10-session,25.0
252976,27,2016 EAGLES outcome paper.pdf,Non-psychiatric & Bupropion,1001.0
252976,28,2016 EAGLES outcome paper.pdf,Non Psychiatric & Nicotine Patch,1013.0
252976,29,2016 EAGLES outcome paper.pdf,Non-psychiatric & Placebo,1009.0
252976,24,2016 EAGLES outcome paper.pdf,Psychiatric & Bupropion,1033.0
252976,25,2016 EAGLES outcome paper.pdf,Psychiatric & Nicotine Patch,1025.0
252976,30,2016 EAGLES outcome paper.pdf,Non-psychiatric & varencline,1005.0
252976,23,2016 EAGLES outcome paper.pdf,Psychiatric & Varenicline,1032.0
252976,26,2016 EAGLES outcome paper.pdf,Psychiatric & Placebo,1026.0
252905,68,Segnan_1991_A randomized trial of smoking cessation.pdf,Repeated counselling plus nicotine gum,294.0
252905,70,Segnan_1991_A randomized trial of smoking cessation.pdf,Minimal intervention,62.0
252905,67,Segnan_1991_A randomized trial of smoking cessation.pdf,Repeated counselling plus spirometry,292.0
252905,69,Segnan_1991_A randomized trial of smoking cessation.pdf,Repeated counselling,275.0
423127,1952,Vidrine 2016.pdf,Mindfulness-Based Addiction Treatment (MBAT),154.0
423127,1953,Vidrine 2016.pdf,Cognitive Behavioral Treatment (CBT),155.0
423127,1954,Vidrine 2016.pdf,Usual Care (UC),103.0
263167,1025,Levine 2010 (c) primary paper.pdf,Standard cessation counseling (STANDARD) + bupropion (B),89.0
263167,277,Levine 2010 (c) primary paper.pdf,CBT for smoking-related weight concerns (CONCERNS) + bupropion (B),106.0
263167,1026,Levine 2010 (c) primary paper.pdf,Standard cessation counseling (STANDARD) + placebo (P),67.0
263167,278,Levine 2010 (c) primary paper.pdf,CBT for smoking-related weight concerns (CONCERNS) + placebo (P),87.0
319588,649,Joffe 2009.pdf,Not-on-Tobacco (NOT) intervention,92.0
319588,648,Joffe 2009.pdf,Kicking butts control,89.0
319588,650,Joffe 2009.pdf,Not-on-Tobacco control,102.0
319588,647,Joffe 2009.pdf,Kickin butts intervention,104.0
296305,547,Prochaska 2001.pdf,Expert system plus lifesign computer (ES 1 SC),374.0
296305,546,Prochaska 2001.pdf,Expert system plus counselors (ES 1 CO),361.0
296305,548,Prochaska 2001.pdf,Expert system (ES),362.0
296305,549,Prochaska 2001.pdf,Assesment only (AS),350.0
263048,3,Abrantes 2014.pdf,Aerobic Exercise - AE,30.0
263048,4,Abrantes 2014.pdf,Health education control - HEC,31.0
252897,53,Pieterse_2001_Effectiveness of a minimal contact smoking_10.1006pmed.2000.0791.pdf,Usual Care,261.0
252897,52,Pieterse_2001_Effectiveness of a minimal contact smoking_10.1006pmed.2000.0791.pdf,Minimal Contact Smoking Cessation Program,269.0
437564,2802,Shishani_B_ 2018.pdf,Contingent,19.0
437564,2803,Shishani_B_ 2018.pdf,Non-contingent,20.0
263120,204,Hall 2002 (c) primary paper.pdf,Placebo + medical management (MM),
263120,199,Hall 2002 (c) primary paper.pdf,Buproprion + psychological intervention (PI),
263120,203,Hall 2002 (c) primary paper.pdf,Placebo + psychological intervention (PI),
263120,200,Hall 2002 (c) primary paper.pdf,Bupropion Hydrochloride + medical management (MM),
263120,201,Hall 2002 (c) primary paper.pdf,Nortriptyline + psychological intervention (PI),
263120,202,Hall 2002 (c) primary paper.pdf,Nortriptyline Hydrochloride + medical management (MM),
263292,148,Frandsen-2012.pdf,Minimal smoking cessation intervention,45.0
263292,147,Frandsen-2012.pdf,Intensive smoking cessation intervention,49.0
263132,226,Hanioka 2010.pdf,Counseling + Nicotine Replacement Therapy,33.0
263132,227,Hanioka 2010.pdf,Control,23.0
296307,557,Rabius TC 2007.pdf,50 minutes telephone counseling,1.0
296307,553,Rabius TC 2007.pdf,210 minutes telephone counseling,7.0
296307,556,Rabius TC 2007.pdf,80 minutes telephone counseling,2.0
296307,558,Rabius TC 2007.pdf,Self help,1.0
296307,554,Rabius TC 2007.pdf,135 minutes telephone counseling,8.0
296307,555,Rabius TC 2007.pdf,105 minutes telephone counseling,8.0
296307,552,Rabius TC 2007.pdf,240 minutes telephone counseling,8.0
263102,177,Elkins 2006.pdf,Hypnotherapy,20.0
263102,178,Elkins 2006.pdf,Control,20.0
296341,418,Curry 2003.pdf,Control,147.0
296341,417,Curry 2003.pdf,Intervention,156.0
319586,644,Horn 2011.pdf,Brief Intervention (BI),63.0
319586,643,Horn 2011.pdf,Not on Tobacco (N-O-T),90.0
319586,642,Horn 2011.pdf,Not on Tobacco plus physical activity (N-O-T+FIT),80.0
319583,636,Harris 2010.pdf,Motivational Interviewing for smoking,245.0
319583,637,Harris 2010.pdf,Motivational Interviewing for fruits/vegetables,207.0
437522,2265,Lee 2018.pdf,Control Group (NRT),10.0
437522,2264,Lee 2018.pdf,Intervention Group (END),20.0
436347,2614,Alessi 2017.pdf,mHealth monitoring,45.0
436347,2613,Alessi 2017.pdf,mHealth reinforcement,45.0
263266,385,Socio Demographics,Intervention,104.0
263266,386,Socio Demographics,Control,101.0
423245,2134,tappin 2015.pdf,Intervention group,306.0
423245,2135,tappin 2015.pdf,Control group,303.0
423481,1973,Sherman 2016.pdf,Quitline,814.0
423481,1972,Sherman 2016.pdf,Intensive counseling,804.0
423137,2048,Hughes 2018.pdf,Discontinue patch,345.0
423137,2047,Hughes 2018.pdf,Continue patch,356.0
423085,1917,Cummins 2016.pdf,Patches plus counseling,
423085,1918,Cummins 2016.pdf,Counseling only,
423085,1920,Cummins 2016.pdf,Usual care,
423085,1919,Cummins 2016.pdf,Nicotine patches only,
319578,629,Gonzalvez 2015.pdf,Project Ex,572.0
319578,630,Gonzalvez 2015.pdf,Control,393.0
263247,360,Rohsenow 2015.pdf,MI + NCV,44.0
263247,359,Rohsenow 2015.pdf,motivational interviewing (MI) + CV,53.0
263247,361,Rohsenow 2015.pdf,Brief Advice (BA) + CV,44.0
263247,362,Rohsenow 2015.pdf,Brief Advice + NCV,42.0
423134,2041,Caldwell 2014.pdf,Active,716.0
423134,2042,Caldwell 2014.pdf,Placebo,707.0
437483,2314,Baldassarri 2018.pdf,Non-nicotine EC,20.0
437483,2313,Baldassarri 2018.pdf,Nicotine EC,20.0
319575,625,Dalum 2012.pdf,Intervention,173.0
319575,626,Dalum 2012.pdf,Control,196.0
263269,387,Taylor 1996.pdf,Intervention,315.0
263269,388,Taylor 1996.pdf,Usual care,313.0
423123,1944,Smith 2014.pdf,Culturally Tailored Treatment (CTT),50.0
423123,1945,Smith 2014.pdf,Standard Treatment (ST),53.0
296482,856,van der Aalst 2012.pdf,Standard brochure,642.0
296482,855,van der Aalst 2012.pdf,Computer Tailored Smoking Cessation Intervention (CTSCI),642.0
263086,167,Cropsey 2008 (c) primary paper.pdf,Behavioural intervention with nicotine replacement therapy,
263086,168,Cropsey 2008 (c) primary paper.pdf,Waitlist control,289.0
296297,527,Miguez NTR 2008.pdf,Telephone,118.0
296297,528,Miguez NTR 2008.pdf,Self-help,110.0
436358,2654,Garrison 2018.pdf,Experience Sampling-Only (ES),182.0
436358,2653,Garrison 2018.pdf,Mobile Mindfulness Training With Experience Sampling (MMT-ES),143.0
296346,424,Froelicher 2004b.pdf,Usual care group (UG),135.0
296346,423,Froelicher 2004b.pdf,Intervention group (IG),142.0
423238,2120,Lee 2015.pdf,best practice (BP),137.0
423238,2119,Lee 2015.pdf,cognitive-behavioral counseling (CBC),140.0
423125,1948,van Rossem 2017.pdf,Individual counselling by a practice nurse (PN),149.0
423125,1949,van Rossem 2017.pdf,Brief advice by a general practitioner (GP),146.0
437532,2291,Matthews 2018.pdf,Standard intervention (CTQ),
437532,2290,Matthews 2018.pdf,Culturally targeted courage to Quit (CTQ-CT),
436363,2797,Maddison 2014.pdf,Control,451.0
436363,2796,Maddison 2014.pdf,Intervention,455.0
319603,677,Skov-Ettrup 2014.pdf,Untailored text messages,975.0
319603,676,Skov-Ettrup 2014.pdf,Tailored text messages,1055.0
296321,595,Swan 2003a.pdf,300mg buproprion +  Zyban Advantage Plan (ZAP),378.0
296321,596,Swan 2003a.pdf,300mg buproprion + Free & Clear (FC),383.0
296321,598,Swan 2003a.pdf,150mg buproprion + FC,382.0
296321,597,Swan 2003a.pdf,150mg bupriorion + ZAP,381.0
319573,621,Brown 2003.pdf,Motivation interviewing (MI),162.0
319573,622,Brown 2003.pdf,Brief advice (BA),162.0
321117,713,Hill 1993.pdf,Behavioural only,22.0
321117,714,Hill 1993.pdf,Exercise only,20.0
321117,711,Hill 1993.pdf,Behavioural and exercise,18.0
321117,712,Hill 1993.pdf,Behavioural and nicotine gum,22.0
296417,787,Davis 1992.pdf,quitting times,630.0
296417,788,Davis 1992.pdf,cleaning the air,630.0
296417,786,Davis 1992.pdf,Freedom from smoking for you and your family,630.0
423077,2003,Romanowich 2015.pdf,Control,29.0
423077,2001,Romanowich 2015.pdf,Escalating reinforcement schedule,59.0
423077,2002,Romanowich 2015.pdf,Fixed reinforcement schedule,58.0
263051,119,Ahluwalia 2006 (c) primary paper .pdf,Nicotine Gum + Motivational Interviewing (MI),189.0
263051,122,Ahluwalia 2006 (c) primary paper .pdf,Placebo Gum + HE,188.0
263051,121,Ahluwalia 2006 (c) primary paper .pdf,Placebo Gum + MI,189.0
263051,120,Ahluwalia 2006 (c) primary paper .pdf,Nicotine Gum + Health Education (HE),189.0
319593,659,Muramoto 2007.pdf,Placebo,103.0
319593,658,Muramoto 2007.pdf,150mg/d sustained release (SR) buproprion (150mg AM),105.0
319593,657,Muramoto 2007.pdf,300mg/d sustained release (SR) buproprion (150mg AM 150mg PM),104.0
321139,734,Rovina 2009.pdf,buproprion with nonspecific supportive and motivational group therapy (NSGT) (Group B),35.0
321139,733,Rovina 2009.pdf,bupropion with cognitive behavioral group therapy (CBGT) (Group C),40.0
321139,736,Rovina 2009.pdf,Cognitive behavioural group therapy (CBGT) only (Group D),36.0
321139,735,Rovina 2009.pdf,Buprioprion with physician counseling (Group A),94.0
296311,564,Rimer 1994.pdf,Clear Horizons guide only,511.0
296311,563,Rimer 1994.pdf,Clear Horizons guide plus calls,537.0
296311,565,Rimer 1994.pdf,Control,505.0
437561,2801,Sherratt 2018.pdf,Control,146.0
437561,2800,Sherratt 2018.pdf,Intervention,151.0
423135,2044,Caldwell 2016.pdf,Placebo inhaler plus patch,256.0
423135,2043,Caldwell 2016.pdf,Active inhaler plus patch,246.0
263172,284,Magnan 2009.pdf,Control - personal sigital assistants for smokers daily hassles,38.0
263172,283,Magnan 2009.pdf,Experimental - personal digital assistants for smoking-related support,81.0
321085,683,Aytemur 2012.pdf,Control group,52.0
321085,682,Aytemur 2012.pdf,Psychodrama group,61.0
263183,289,Martin 1997 (c) primary paper.pdf,Standard treatment (ST),70.0
263183,288,Martin 1997 (c) primary paper.pdf,Behavioral counseling plus exercise (BEX),72.0
263183,287,Martin 1997 (c) primary paper.pdf,Behavioral counselling plus nicotine gum (BNIC),63.0
423130,1959,Webb Hooper 2017.pdf,Culturally specific CBT,168.0
423130,1960,Webb Hooper 2017.pdf,Standard CBT,174.0
296323,600,Swan 2010.pdf,PTC,402.0
296323,601,Swan 2010.pdf,Web,401.0
296323,599,Swan 2010.pdf,proactive telephone-based counseling (PTC)Web,399.0
296270,482,Graham 2011.pdf,Enhanced internet (EI),651.0
296270,483,Graham 2011.pdf,Basic internet (BI),679.0
296270,481,Graham 2011.pdf,Enhanced internet + phone (EI+P),675.0
280754,139,Brown 2001.pdf,Smoking CBT + depression CBT (CBT-D),86.0
280754,140,Brown 2001.pdf,Smoking CBT,93.0
296460,834,Owen 1989.pdf,Personalized course,82.0
296460,836,Owen 1989.pdf,Control,40.0
296460,835,Owen 1989.pdf,Standard course,86.0
437566,2607,Bonevski 2018.pdf,Intervention,187.0
437566,2608,Bonevski 2018.pdf,Control,244.0
296324,603,Tzelepis 2011.pdf,Control,793.0
296324,602,Tzelepis 2011.pdf,Proactive telephone counseling,769.0
437539,2296,Morillo-Verdugo 2018.pdf,Intervention group,21.0
437539,2297,Morillo-Verdugo 2018.pdf,Control group,18.0
423105,2058,Aimer 2017.pdf,Control,19.0
423105,2057,Aimer 2017.pdf,Intervention,19.0
423043,2025,Stanczyk 2016.pdf,control condition,721.0
423043,2024,Stanczyk 2016.pdf,text-based computer tailoring group,708.0
423043,2023,Stanczyk 2016.pdf,video-based computer tailoring,670.0
263185,290,Matthews 2009.pdf,Targeted smoking cessation program (CT),8.0
263185,291,Matthews 2009.pdf,Non-targeted smoking cessation program (ST),50.0
423251,2136,Bricker 2014.pdf,SmartQuit (ACT) app,80.0
423251,2137,Bricker 2014.pdf,QuitGuide app,84.0
263149,245,Hollands 2012 primary paper.pdf,DNA arm,209.0
263149,246,Hollands 2012 primary paper.pdf,Non-DNA arm,217.0
436349,2623,Baskerville 2018.pdf,Crush The Crave (CTC),820.0
436349,2624,Baskerville 2018.pdf,On the Road to Quitting (OnRQ) control,779.0
263040,102,Curry_1991_Evaluation of intrinsic and extrinsic motivation_10.10370022-006X.59.2.318.pdf,Both,304.0
263040,104,Curry_1991_Evaluation of intrinsic and extrinsic motivation_10.10370022-006X.59.2.318.pdf,Extrinstic,304.0
263040,103,Curry_1991_Evaluation of intrinsic and extrinsic motivation_10.10370022-006X.59.2.318.pdf,Intrinsic,304.0
263040,105,Curry_1991_Evaluation of intrinsic and extrinsic motivation_10.10370022-006X.59.2.318.pdf,Control,305.0
263239,353,Rigotti 2006 primary paper.pdf,Best practice with telephone counseling,209.0
263239,354,Rigotti 2006 primary paper.pdf,Best practice,210.0
437534,2305,McClure_B_2018.pdf,CBT,226.0
437534,2304,McClure_B_2018.pdf,ACT,224.0
437441,2213,di Dios 2019.pdf,Health Education (HE),9.0
437441,2212,di Dios 2019.pdf,Culturally-Tailored Smoking Cessation (CTSC),8.0
437441,2211,di Dios 2019.pdf,Culturally-Tailored Smoking Cessation plus Adherence Enhancement (CT+AE),8.0
423086,1926,Evins 2014.pdf,Varenicline + CBT,40.0
423086,1927,Evins 2014.pdf,Placebo + CBT,47.0
423242,2129,Pollak 2014.pdf,Materials alone,175.0
423242,2128,Pollak 2014.pdf,Materials + counseling,173.0
321141,738,Sawicki 1993.pdf,Control group,3.0
321141,737,Sawicki 1993.pdf,Intervention group,2.0
423141,2054,Tulloch 2016.pdf,NRT+ group,233.0
423141,2055,Tulloch 2016.pdf,NRT group,230.0
423141,2053,Tulloch 2016.pdf,VR group,236.0
296397,766,British Thoratic Society 1983.pdf,Verbal advice plus booklet and Nicorette chewing gum (VABNG),400.0
296397,767,British Thoratic Society 1983.pdf,Verbal advice plus booklet and placebo gum (VABPG),402.0
296397,768,British Thoratic Society 1983.pdf,Verbal advice plus booklet (VAB),377.0
296397,769,British Thoratic Society 1983.pdf,Verbal advice alone (VA),371.0
296291,514,McBride 2004.pdf,Partner-assisted,193.0
296291,516,McBride 2004.pdf,Usual care,198.0
296291,515,McBride 2004.pdf,Woman only,192.0
263227,334,Perkins 2001.pdf,CBT,72.0
263227,333,Perkins 2001.pdf,Weight control,72.0
263227,335,Perkins 2001.pdf,Standard,75.0
321114,708,Hall 1996.pdf,Standard smoking intervention for major depressive disorder (MDD) x placebo,74.0
321114,705,Hall 1996.pdf,mood management (MM) x 2mg nicotine gum,21.0
321114,706,Hall 1996.pdf,mood management (MM) x placebo,83.0
321114,707,Hall 1996.pdf,Standard smoking intervention for major depressive disorder (MDD) x 2mg nicotine gum,23.0
437494,2365,Cheung 2018.pdf,Usual care,635.0
437494,2364,Cheung 2018.pdf,Intervention,660.0
296424,800,Fortmann 1995.pdf,Gum + materials,260.0
296424,802,Fortmann 1995.pdf,Incentive only,261.0
296424,801,Fortmann 1995.pdf,Materials only,261.0
296424,803,Fortmann 1995.pdf,Gum only,262.0
436357,2643,El Hajj 2017.pdf,Intervention group,167.0
436357,2644,El Hajj 2017.pdf,Control group,147.0
263079,156,Chan-2012.pdf,Stage-matched smoking cessation counselling,938.0
263079,157,Chan-2012.pdf,Control,922.0
252898,54,Richmond_1985_Evaluation of general practitioners use of.pdf,GP Counselling,100.0
252898,55,Richmond_1985_Evaluation of general practitioners use of.pdf,Control,
296344,422,Duffy 2006.pdf,Usual care,91.0
296344,421,Duffy 2006.pdf,Intervention,93.0
296289,760,McBride 1999b.pdf,Booklet only,897.0
296289,759,McBride 1999b.pdf,Prepartum group,294.0
296289,758,McBride 1999b.pdf,Post and prepartum group,306.0
423092,2076,Schnoll 2015.pdf,Extended Treatment ,173.0
423092,2077,Schnoll 2015.pdf,Standard Treatment ,180.0
423092,2075,Schnoll 2015.pdf,Maintenance Treatment ,172.0
263189,295,McCarthy 2008(c) primary paper.pdf,"Active, No Counselling",463.0
263189,296,McCarthy 2008(c) primary paper.pdf,"Placebo, Counselling",463.0
263189,294,McCarthy 2008(c) primary paper.pdf,"Active, Counselling",463.0
263189,297,McCarthy 2008(c) primary paper.pdf,"Placebo, No Counselling",463.0
436351,2632,BinDhim 2018.pdf,Intervention,342.0
436351,2633,BinDhim 2018.pdf,Control,342.0
263041,106,de Vries_2006_The effects of smoking cessation counseling_10.1016j.pec.2005.10.002.pdf,Experimental,141.0
263041,107,de Vries_2006_The effects of smoking cessation counseling_10.1016j.pec.2005.10.002.pdf,Control,177.0
423084,1915,Cheung 2015.pdf,Facebook (Group B),40.0
423084,1914,Cheung 2015.pdf,WhatsApp (Group A),42.0
423084,1916,Cheung 2015.pdf,Control (Group C),54.0
296316,583,Solomon 2000.pdf,Patch + support,106.0
296316,584,Solomon 2000.pdf,Patch only,108.0
437507,2245,Forinash 2018.pdf,Text-messaging,14.0
437507,2246,Forinash 2018.pdf,Standard of care,16.0
423480,1968,Marshall 2016.pdf,Intervention,28.0
423480,1969,Marshall 2016.pdf,Control,27.0
423093,2079,Unrod 2016.pdf,Repeated mailings,1142.0
423093,2080,Unrod 2016.pdf,Usual care,1189.0
423093,2078,Unrod 2016.pdf,Massed mailings,1127.0
263141,239,Hickman 2015.pdf,Usual care,51.0
263141,238,Hickman 2015.pdf,Intervention,49.0
263193,300,McFall 2010 (c) primary paper.pdf,Integrated care (IC),472.0
263193,301,McFall 2010 (c) primary paper.pdf,Control care (SCC),471.0
437537,2605,Mercie 2018.pdf,Varenicline group,102.0
437537,2606,Mercie 2018.pdf,Placebo group,111.0
423107,2061,Begh 2015.pdf,Intervention,60.0
423107,2062,Begh 2015.pdf,Control,58.0
296454,833,Nollen 2007.pdf,Standard care,250.0
296454,832,Nollen 2007.pdf,Targeted,250.0
263150,247,Hughes-2010.pdf,Gradual cessation,297.0
263150,248,Hughes-2010.pdf,Abrupt cessation,299.0
263150,249,Hughes-2010.pdf,Minimal treatment,150.0
263047,98,Brendryen_2008_A digital smoking cessation program delivered_10.2196jmir.1005.pdf,Booklet control,146.0
263047,97,Brendryen_2008_A digital smoking cessation program delivered_10.2196jmir.1005.pdf,Happy Ending,144.0
423073,1992,Lasser 2017.pdf,Intervention,177.0
423073,1993,Lasser 2017.pdf,Control,175.0
423090,1935,McDaniel 2015.pdf,TEQ-10,602.0
423090,1936,McDaniel 2015.pdf,Standard,592.0
423090,1934,McDaniel 2015.pdf,TEQ-20,591.0
437461,2197,Mundt 2019.pdf,Control group,952.0
437461,2196,Mundt 2019.pdf,Intervention group,948.0
296268,477,Fiore 2004.pdf,Patch + Committed Quitters (CQ),
296268,478,Fiore 2004.pdf,Patch Only,
296268,476,Fiore 2004.pdf,Patch +  Committed Quitters (CQ) + counselling,
423132,1942,Baker 2016.pdf,Varenicline only,424.0
423132,1943,Baker 2016.pdf,Nicotine patch only,241.0
423132,1941,Baker 2016.pdf,Nicotine patch + nicotine lozenge (C-NRT),421.0
263287,405,Winickoff 2014.pdf,Intervention,999.0
263287,406,Winickoff 2014.pdf,Control,981.0
423040,2010,Berg 2014.pdf,Control,59.0
423040,2009,Berg 2014.pdf,Intervention,63.0
263151,250,Humerfelt 1998.pdf,Intervention group,1300.0
263151,252,Humerfelt 1998.pdf,Control,1310.0
296326,608,Young BMC Family Pract 2008.pdf,Telephone,169.0
296326,609,Young BMC Family Pract 2008.pdf,Usual care,149.0
437474,2360,White 2019.pdf,Intervention,101.0
437474,2361,White 2019.pdf,Control,99.0
263096,173,Dent-2009 primary paper.pdf,Pharmacist-delivered program,50.0
263096,174,Dent-2009 primary paper.pdf,Standard care over telephone,51.0
263250,367,Siddiqi 2013 primary paper.pdf,Behavioral support sessions plus 7 wk of bupropion therapy (BSS+),659.0
263250,369,Siddiqi 2013 primary paper.pdf,Control,656.0
263250,368,Siddiqi 2013 primary paper.pdf,Behavioral support sessions (BSS),640.0
263127,211,Hall 2009 primary paper (c).pdf,Extended combined,87.0
263127,213,Hall 2009 primary paper (c).pdf,Extended Nicotine Replacement Therapy (NRT),87.0
263127,212,Hall 2009 primary paper (c).pdf,Extended cognitive behavioural therapy (CBT),84.0
263127,214,Hall 2009 primary paper (c).pdf,Brief treatment,85.0
263218,324,Ostroff 2014.pdf,Best Practices (BP),89.0
263218,323,Ostroff 2014.pdf,Best Practices + Scheduled Reduced Smoking (BP+SRS),95.0
296259,461,Boyle 2007.pdf,No-contact control,824.0
296259,460,Boyle 2007.pdf,Proactive recruitment into telephone counseling,824.0
263260,377,Smith 2001 primary paper.pdf,MI / Supportive Group Counselling (MIS),
263260,376,Smith 2001 primary paper.pdf,CBT/ Skill Training Group Counselling,
263260,378,Smith 2001 primary paper.pdf,Brief intervention (BI),
252903,62,Russell_1983_Effect of nicotine chewing gum as.pdf,Advice and Nicorette (Group 3),679.0
252903,63,Russell_1983_Effect of nicotine chewing gum as.pdf,Advice and booklet (Group 2),675.0
252903,64,Russell_1983_Effect of nicotine chewing gum as.pdf,No advice control (Group 1),584.0
319585,640,Horn 2007.pdf,Motivational Tobacco Intervention (MTI),41.0
319585,641,Horn 2007.pdf,Brief Advice (BA),34.0
263117,194,Gulliver 2008.pdf,Motivational interviewing (MI),67.0
263117,193,Gulliver 2008.pdf,Motivational Interviewing plus instruction in deep breathing (MI/BI),74.0
263117,192,Gulliver 2008.pdf,Motivational Interviewing plus instruction spirometer (MI/IS),67.0
423236,2116,Harris 2015.pdf,Contingency Management (CM),7.0
423236,2115,Harris 2015.pdf,Smoking Cessation for Healthy Births (SCHB),10.0
296441,826,Lando 1991.pdf,Quit and win,200.0
296441,828,Lando 1991.pdf,Control,170.0
296441,827,Lando 1991.pdf,Quit for good,200.0
263215,320,Okuyemi 2007.pdf,Comparison,107.0
263215,319,Okuyemi 2007.pdf,Treatment,66.0
437562,2799,Shiffman 2018.pdf,NNCCs,120.0
437562,2798,Shiffman 2018.pdf,VLNCCs,118.0
296325,604,Velicer 2006.pdf,Telecommunications + expert system intervention + nicotine replacement therapy + stage-matched manuals (TEL + EXP + NRT + MAN),
296325,605,Velicer 2006.pdf,Expert system intervention + nicotine replacement therapy + stage-matched manuals (EXP + NRT + MAN),
296325,607,Velicer 2006.pdf,Stage-matched manuals (MAN),
296325,606,Velicer 2006.pdf,Nicotine replacement therapy + stage-matched manuals (NRT + MAN),
252889,32,Haug_1994_Is smoking intervention in general practice.pdf,Intervention & Not-Pregnant,154.0
252889,31,Haug_1994_Is smoking intervention in general practice.pdf,Intervention & Pregnant,244.0
252889,33,Haug_1994_Is smoking intervention in general practice.pdf,Control & Pregnant,97.0
252889,34,Haug_1994_Is smoking intervention in general practice.pdf,Control & Not-Pregnant,109.0
263216,322,Okuyemi 2013 (c) primary paper.pdf,Standard Care,214.0
263216,321,Okuyemi 2013 (c) primary paper.pdf,Motivational Interviewing (MI),216.0
436360,2657,Kim 2018.pdf,Video-Call Intervention,21.0
436360,2658,Kim 2018.pdf,Voice-Call Intervention,21.0
319580,633,Greenberg 1978.pdf,Attitude,2.0
319580,868,Greenberg 1978.pdf,Control,18.0
319580,631,Greenberg 1978.pdf,Scare,19.0
319580,632,Greenberg 1978.pdf,Fact,20.0
437511,2256,Hall 2018.pdf,Extended innovative system intervention (E-ISI),156.0
437511,2257,Hall 2018.pdf,Standard Treatment Control (STC),156.0
437448,2218,Gilbody 2019.pdf,Intervention,223.0
437448,2219,Gilbody 2019.pdf,Control,219.0
280756,188,Grant 2003.pdf,Education and group therapy,20.0
280756,189,Grant 2003.pdf,Usual care,20.0
437446,2209,Ellerbeck 2019.pdf,Counseling with Care Coordination (CCC),296.0
437446,2210,Ellerbeck 2019.pdf,Counseling Only (C),284.0
263270,390,Twardella 2007 primary paper.pdf,Training and medication (TM),144.0
263270,389,Twardella 2007 primary paper.pdf,"Training, medication and incentives (TM + TI)",221.0
263270,392,Twardella 2007 primary paper.pdf,Usual care,76.0
263270,391,Twardella 2007 primary paper.pdf,Training and incentives (TI),146.0
321133,727,Pisinger 2005.pdf,High intensity intervention (Group A),1245.0
321133,729,Pisinger 2005.pdf,Control (Group C),1005.0
321133,728,Pisinger 2005.pdf,Low intensity intervention (Group B),142.0
263192,298,McFall 2005.pdf,Integrated Care,33.0
263192,299,McFall 2005.pdf,Standard Care,33.0
263197,302,Miller 1997 (c) primary paper.pdf,Intensive intervention,540.0
263197,304,Miller 1997 (c) primary paper.pdf,Usual care,942.0
263197,303,Miller 1997 (c) primary paper.pdf,Minimal intervention,460.0
296296,525,Miguez 2002.pdf,Telephone,100.0
296296,526,Miguez 2002.pdf,Self-help,100.0
263093,171,Davis 2014 (a) primary paper (c).pdf,Mindfulness Training for Smokers (MTS),105.0
263093,172,Davis 2014 (a) primary paper (c).pdf,Control,91.0
296302,540,Ossip-Klein 1991.pdf,Manual + hotline,894.0
296302,541,Ossip-Klein 1991.pdf,Manual alone,919.0
263220,327,Parkes 2008 primary.pdf,Intervention,280.0
263220,328,Parkes 2008 primary.pdf,Control,281.0
252894,13,Morgan_1996_Reaching midlife and older smokers tailored.pdf,Physician-delivered brief advice (Immediate Intervention),279.0
252894,48,Morgan_1996_Reaching midlife and older smokers tailored.pdf,Control (Delayed),380.0
263133,230,Hasan 2014.pdf,Hypnotherapy,41.0
263133,229,Hasan 2014.pdf,Nicotine Replacement Therapy (NRT),39.0
263133,228,Hasan 2014.pdf,Nicotine Replacement Therapy (NRT) with hypnotherapy,38.0
423139,2052,Krupski 2015.pdf,Patch only (mono-therapy),1561.0
423139,2051,Krupski 2015.pdf,Patch and Lozenge (combo-therapy),1557.0
296433,818,Hoving 2010.pdf,Experimental,
296433,819,Hoving 2010.pdf,Control,
437442,2188,Dedert 2019.pdf,Present-focused smoking cessation (PS),25.0
437442,2187,Dedert 2019.pdf,Cognitive processing therapy and smoking cessation (CPTS),15.0
296370,442,Rigotti 1994.pdf,Behaviour modification program,44.0
296370,443,Rigotti 1994.pdf,Usual care,43.0
319590,653,Killen 2004.pdf,Nicotine patch (NP) + buproprion,64.0
319590,654,Killen 2004.pdf,Nicotine patch (NP) + placebo,70.0
437450,2241,Hajek 2019.pdf,E-cigarette group,438.0
437450,2242,Hajek 2019.pdf,Nicotine-replacement group,446.0
296272,488,Hanssen 2009.pdf,Control,132.0
296272,487,Hanssen 2009.pdf,Intervention,156.0
423112,2074,Busch 2017.pdf,Standard Care (SC),31.0
423112,2073,Busch 2017.pdf,Behavioral Activation Treatment for Cardiac Smokers (BAT-CS),28.0
263281,402,Wilson 2008 primary paper.pdf,Group Support (GS),29.0
263281,1032,Wilson 2008 primary paper.pdf,Usual care,35.0
263281,401,Wilson 2008 primary paper.pdf,Individual Support (IS),27.0
437465,2300,Nomura 2019.pdf,Telemedicine,58.0
437465,2301,Nomura 2019.pdf,Control,57.0
437518,2324,Ingrand 2018.pdf,Simvastasin group,58.0
437518,2325,Ingrand 2018.pdf,Placebo group,60.0
437527,2270,Lepore 2018.pdf,AAR + counseling,163.0
437527,2271,Lepore 2018.pdf,ARR + control,164.0
437468,2330,Scheffers-Van Schayck 2019.pdf,Intervention,45.0
437468,2331,Scheffers-Van Schayck 2019.pdf,Control,38.0
423138,2049,The Preloading Investigators 2018.pdf,Preloading arm,899.0
423138,2050,The Preloading Investigators 2018.pdf,Control arm,893.0
263171,282,Louwagie 2014.pdf,Control,204.0
263171,281,Louwagie 2014.pdf,Motivational interviewing (MI),205.0
296254,452,An 2006.pdf,Telephone care,407.0
296254,453,An 2006.pdf,Standard care,414.0
423106,2059,Baker 2015.pdf,Healthy Lifestyles condition,122.0
423106,2060,Baker 2015.pdf,Telephone condition,113.0
263224,329,Patten 2009.pdf,Telephone counseling,29.0
263224,330,Patten 2009.pdf,Control group,30.0
437516,2281,Hurt 2018.pdf,Varenicline,16.0
437516,2282,Hurt 2018.pdf,Placebo,17.0
296427,808,Glasgow 1981.pdf,Danaher & Lichtenstein - self-administered,13.0
296427,806,Glasgow 1981.pdf,Danaher & Lichtenstein - therapist administered,14.0
296427,811,Glasgow 1981.pdf,IQuit kit - self-administered,15.0
296427,810,Glasgow 1981.pdf,IQuit kit - therapist administered,14.0
296427,807,Glasgow 1981.pdf,Pomerleau & Pomerleau - therapist administered,6.0
296427,809,Glasgow 1981.pdf,Pomerleau & Pomerleau - self-administered,13.0
436362,2647,Liao 2018.pdf,High-frequency messaging (HFM),674.0
436362,2649,Liao 2018.pdf,Control,411.0
436362,2648,Liao 2018.pdf,Low-frequency messaging (LFM),284.0
263291,410,Zheng-2007.pdf,Control group,107.0
263291,409,Zheng-2007.pdf,Intervention group,118.0
437481,2280,Baker_A_ 2018.pdf,Telephone,235.0
437481,2279,Baker_A_ 2018.pdf,Healthy Lifestyles,235.0
263263,383,Stein 2006a possible primary.pdf,Maximum,191.0
263263,384,Stein 2006a possible primary.pdf,Minimum,192.0
296405,772,Burling 1989.pdf,Computer,29.0
296405,773,Burling 1989.pdf,Contest only,29.0
296375,1039,Tonnesen 2006.pdf,Placebo + low support,88.0
296375,1038,Tonnesen 2006.pdf,Placebo + high support,97.0
296375,448,Tonnesen 2006.pdf,Nicotine + high support,90.0
296375,449,Tonnesen 2006.pdf,Nicotine + low support,95.0
296357,430,Kim 2005.pdf,Control group,201.0
296357,429,Kim 2005.pdf,Intervention group,200.0
423066,2015,Cooney 2017.pdf,CBT + NRT,41.0
423066,2014,Cooney 2017.pdf,CBT + NRT + CM,42.0
296299,532,Orleans 1991.pdf,Self-quitting materials + social support instructions + telephone counseling (MST),474.0
296299,535,Orleans 1991.pdf,Control (C),465.0
296299,534,Orleans 1991.pdf,Self-quitting materials (M),467.0
296299,533,Orleans 1991.pdf,Self-quitting materials + social support instructions (MS),471.0
296432,817,Hollis 1993.pdf,Advice,708.0
296432,815,Hollis 1993.pdf,Nurse-assisted - Group-Referall,675.0
296432,814,Hollis 1993.pdf,Nurse-assisted - Combination,633.0
296432,816,Hollis 1993.pdf,Nurse-assisted - Self-quit,675.0
263238,351,Reitzel-2011.pdf,Computer-delivered treatment (CDT),152.0
263238,352,Reitzel-2011.pdf,Standard treatment (ST),151.0
423136,2045,Dennis 2016.pdf,Active patch,32.0
423136,2046,Dennis 2016.pdf,Placebo patch,31.0
296469,843,Prochaska 2004.pdf,Expert system,349.0
296469,844,Prochaska 2004.pdf,Assessment only,362.0
423131,1961,Wewers 2017.pdf,CHW face to face (CHWF2F),354.0
423131,1962,Wewers 2017.pdf,CHW Quitline (CHWQL),353.0
437552,2617,Pollak 2018.pdf,Intervention,14.0
437552,2618,Pollak 2018.pdf,Wait-list control,16.0
296287,513,Macleod 2003.pdf,NRT only,442.0
296287,512,Macleod 2003.pdf,NRT + telephone counseling,412.0
263050,118,Abroms 2014.pdf,Control,241.0
263050,117,Abroms 2014.pdf,Text2Quit,262.0
437489,2350,Bush 2018.pdf,Simultaneous,839.0
437489,2349,Bush 2018.pdf,Sequential,849.0
437489,2351,Bush 2018.pdf,Control,840.0
296276,497,Joyce 2008.pdf,Telephone quitline,1690.0
296276,498,Joyce 2008.pdf,Provider counseling + pharmacotherapy,2605.0
296276,499,Joyce 2008.pdf,Provider counseling,829.0
296276,500,Joyce 2008.pdf,Usual care,2230.0
263152,254,Humfleet 2013(c) primary paper.pdf,Computer-based intervention,209.0
263152,253,Humfleet 2013(c) primary paper.pdf,Individual counseling,209.0
263152,255,Humfleet 2013(c) primary paper.pdf,Self help plus NRT,209.0
296309,561,Reid Patient Educ Couns 2007.pdf,Interactive voice response (IVR),50.0
296309,562,Reid Patient Educ Couns 2007.pdf,Control,49.0
263122,207,Hall 2004 (c) primary paper.pdf,Extended Placebo,30.0
263122,206,Hall 2004 (c) primary paper.pdf,Brief Nortriptyline,34.0
263122,208,Hall 2004 (c) primary paper.pdf,Brief Placebo,37.0
263122,205,Hall 2004 (c) primary paper.pdf,Extended Nortriptyline,36.0
423482,1977,Vidrine 2019.pdf,NRT plus text messaging,377.0
423482,1976,Vidrine 2019.pdf,NRT plus text messaging plus proactive counseling,377.0
423482,1978,Vidrine 2019.pdf,NRT,377.0
423114,2081,Cropsey 2015.pdf,Counseling,
423114,2082,Cropsey 2015.pdf,No counseling,
263231,343,Prokhorov 2008 (c) primary paper.pdf,Standard Care (SC),168.0
263231,342,Prokhorov 2008 (c) primary paper.pdf,Look At Your Health (LAYH),158.0
263228,337,Prapavessis 2007.pdf,CBT + nicotine patch,26.0
263228,1030,Prapavessis 2007.pdf,Exercise,35.0
263228,1031,Prapavessis 2007.pdf,CBT,27.0
263228,336,Prapavessis 2007.pdf,Exercise + nicotine patch,33.0
296382,751,Berman 1995.pdf,Intervention,348.0
296382,752,Berman 1995.pdf,Control,348.0
296284,506,Lichtenstein 2008.pdf,Treatment by video,676.0
296284,505,Lichtenstein 2008.pdf,Treatment by phone,677.0
296294,521,McFall 1993.pdf,Maintenance,1147.0
296294,522,McFall 1993.pdf,Control,598.0
437530,2288,Lyu 2018.pdf,Treatment group,11.0
437530,2289,Lyu 2018.pdf,Placebo group,
263164,272,Ledgerwood 2014.pdf,Early-treatment enhanced prize reinforcement (ECM),36.0
263164,274,Ledgerwood 2014.pdf,Standard care (SC),17.0
263164,273,Ledgerwood 2014.pdf,Traditional prize CM (TCM),28.0
321144,740,Schleicher 2012.pdf,Nutrition group,15.0
321144,739,Schleicher 2012.pdf,Smoking group,19.0
437436,2236,Bold 2019.pdf,Placebo,67.0
437436,2235,Bold 2019.pdf,Varenicline,64.0
437464,2295,Nguyen Thanh 2019.pdf,Control,1236.0
437464,2294,Nguyen Thanh 2019.pdf,Intervention,1242.0
437560,2792,Sherman 2018.pdf,Self-help + proactive telephone,592.0
437560,2793,Sherman 2018.pdf,Self-help + reactive telephone,525.0
437560,2791,Sherman 2018.pdf,Counselling + reactive telephone,934.0
437560,2790,Sherman 2018.pdf,Counselling + proactive telephone,1069.0
263140,237,Hennrikus 2010.pdf,Minimal intervention,59.0
263140,236,Hennrikus 2010.pdf,Intensive intervention,61.0
423072,1989,Halpern 2018.pdf,Free e-cigarettes,1199.0
423072,1991,Halpern 2018.pdf,Usual care,813.0
423072,1988,Halpern 2018.pdf,Rewards plus Free Cessation Aids,1198.0
423072,1990,Halpern 2018.pdf,Free Cessation Aids,1588.0
423072,1987,Halpern 2018.pdf,Redeemable Deposit plus Free Cessation Aids,1208.0
296317,585,Solomon 2005.pdf,Experimental,171.0
296317,586,Solomon 2005.pdf,Control,159.0
321129,723,Macpherson 2010.pdf,behavioral activation treatment for smoking (BATS),35.0
321129,724,Macpherson 2010.pdf,Standard treatment (ST),33.0
263274,396,Wewers 2009.pdf,Control,155.0
263274,395,Wewers 2009.pdf,Intervention,147.0
263248,364,Romand-2005.pdf,Control group,109.0
263248,363,Romand-2005.pdf,Test group,119.0
296298,530,Ockene 1991.pdf,Counseling,
296298,529,Ockene 1991.pdf,Counseling plus NCG (nicotine-containing gum),
296298,531,Ockene 1991.pdf,Advice only,
423128,1956,Wagner 2016.pdf,Group B (group),400.0
423128,1955,Wagner 2016.pdf,Group A (individual),400.0
423254,1970,Naughton 2014.pdf,Intervention,299.0
423254,1971,Naughton 2014.pdf,Control,303.0
423075,1997,Rettig 2018.pdf,Intervention,19.0
423075,1998,Rettig 2018.pdf,Control,11.0
263070,136,Bock 2014.pdf,Standard Care (SC),208.0
263070,135,Bock 2014.pdf,Motivational Enhancement (ME),168.0
437440,2258,Crane 2019.pdf,Full Smoke Free app,14228.0
437440,2259,Crane 2019.pdf,Reduced Smoke Free app,13884.0
436365,2663,Tseng 2017.pdf,Standard Care (SC),53.0
436365,2661,Tseng 2017.pdf,TM plus cell phone-delivered adherence-focused motivational and behavioral therapy (SC+TM+ABT),51.0
436365,2662,Tseng 2017.pdf,SC + Text Message Support (SC+TM),54.0
423256,1975,Vidrine 2015.pdf,Usual care (UC),172.0
423256,1974,Vidrine 2015.pdf,Cell phone intervention (CPI),178.0
437472,2354,Thorley 2019.pdf,Intervention,202.0
437472,2355,Thorley 2019.pdf,Comparator,202.0
296277,501,Katz 2004.pdf,Intervention,
296277,502,Katz 2004.pdf,Control,
437476,2601,Wittekind_B_2019.pdf,AAMT Group,54.0
437476,2602,Wittekind_B_2019.pdf,Sham group,51.0
296292,517,McClure 2005.pdf,Motivationally enhanced phone counselling,138.0
296292,518,McClure 2005.pdf,Usual care control,137.0
423129,1957,Warner 2016.pdf,Intervention,300.0
423129,1958,Warner 2016.pdf,Control,300.0
296286,511,Lipkus 2004.pdf,Self-help only,193.0
296286,510,Lipkus 2004.pdf,Counseling,209.0
263098,176,Dickson Spillmann 2013 (c) primary paper.pdf,Relaxation sessions,107.0
263098,175,Dickson Spillmann 2013 (c) primary paper.pdf,Hypnosis sessions,116.0
252901,59,Russell_1979_Effect of general practitioners advice against.pdf,Advice by GP (Group 3),389.0
252901,58,Russell_1979_Effect of general practitioners advice against.pdf,"Advice, leaflet & follow-up (Group 4)",408.0
252901,60,Russell_1979_Effect of general practitioners advice against.pdf,Questionnaire-only Control (Group 2),430.0
252901,61,Russell_1979_Effect of general practitioners advice against.pdf,Control (Group 1),340.0
321104,703,Gifford 2011.pdf,Combined treatment,130.0
321104,704,Gifford 2011.pdf,Medication only,173.0
263090,169,Dallery-2013-Internet-based contingency manage.pdf,Contingent group,39.0
263090,170,Dallery-2013-Internet-based contingency manage.pdf,Non-contingent group,38.0
263212,315,Nevid 1997.pdf,Multicomponent Behavioral Group,39.0
263212,316,Nevid 1997.pdf,Enhanced Self-help Control Group,54.0
423083,1913,Blyth 2015.pdf,Control,702.0
423083,1912,Blyth 2015.pdf,Experimental,702.0
263076,150,Carmody 2008.pdf,Hypnosis,137.0
263076,149,Carmody 2008.pdf,Behavioural counselling,128.0
423479,1966,Catley 2016.pdf,Health education,102.0
423479,1965,Catley 2016.pdf,Motivational interviewing,102.0
423479,1967,Catley 2016.pdf,Brief advice,51.0
319584,639,Hollis 2005.pdf,Dietary intervention,589.0
319584,638,Hollis 2005.pdf,Tobacco intervention,589.0
437459,2253,Masiero 2019.pdf,E-cigarettes,170.0
437459,2255,Masiero 2019.pdf,Control,170.0
437459,2254,Masiero 2019.pdf,Placebo,170.0
263082,162,Chouinard 2005 (c) primary paper.pdf,Usual care,56.0
263082,161,Chouinard 2005 (c) primary paper.pdf,Inpatient counseling only,56.0
263082,160,Chouinard 2005 (c) primary paper.pdf,Inpatient counseling with telephone follow-up,56.0
437486,2318,Brown 2018.pdf,Standard Treatment (ST),54.0
437486,2317,Brown 2018.pdf,DT,62.0
263242,356,Rigotti 2014 primary paper.pdf,Standard care,199.0
263242,355,Rigotti 2014 primary paper.pdf,Sustained care intervention,198.0
296328,613,Zhu NEJM 2002.pdf,Treatment,1973.0
296328,614,Zhu NEJM 2002.pdf,Control,1309.0
437463,2285,Nelson 2019.pdf,Snus + Information,218.0
437463,2287,Nelson 2019.pdf,Nicotine Lozenge,213.0
437463,2286,Nelson 2019.pdf,Snus,218.0
263285,403,Winhusen-2014 primary paper.pdf,Treatment as usual + smoking cessation treatment (TAU+SCT),267.0
263285,404,Winhusen-2014 primary paper.pdf,Treatment as usual (TAU),271.0
437551,2609,Piper 2018.pdf,Abstinence-optimized treatment (A-OT),308.0
437551,2610,Piper 2018.pdf,Recommended usual care (R-UC),315.0
437528,2273,Li 2018.pdf,Control group,260.0
437528,2272,Li 2018.pdf,Intervention group,268.0
296258,459,Borland J Fam Pract 2008.pdf,In-practice (standard),311.0
296258,458,Borland J Fam Pract 2008.pdf,Referall,728.0
263081,158,Chen 2014.pdf,Individual Counselling,94.0
263081,159,Chen 2014.pdf,Smoking cessation advice,96.0
263211,314,Nagle 2005.pdf,Control,711.0
263211,313,Nagle 2005.pdf,Intervention,711.0
423126,1950,Vander Weg 2016.pdf,Tailored tobacco Intervention,31.0
423126,1951,Vander Weg 2016.pdf,Quitline Referral,32.0
437567,2611,Snaterse 2018.pdf,Intervention,172.0
437567,2612,Snaterse 2018.pdf,Usual care,166.0
263162,267,Lancaster 1999.pdf,Extended counselling group,249.0
263162,268,Lancaster 1999.pdf,Brief intervention group,248.0
436350,2591,Bernard 2015.pdf,Exercise and counselling,35.0
436350,2592,Bernard 2015.pdf,Control,35.0
263180,286,Marcus 2005 (c) primary paper.pdf,CBT,108.0
263180,285,Marcus 2005 (c) primary paper.pdf,Exercise group (CBT+EX),109.0
263125,209,Hall 2006 (c) primary paper.pdf,Staged care intervention,163.0
263125,210,Hall 2006 (c) primary paper.pdf,Brief contact control,159.0
296318,587,Sood 2009.pdf,reactive telephone counseling,261.0
296318,588,Sood 2009.pdf,self-help,260.0
423069,1982,Etter 2016.pdf,Control group,404.0
423069,1981,Etter 2016.pdf,Incentive group,401.0
296383,761,Borland 2003.pdf,Computer-generated tailored advice and callback telephone counselling,528.0
296383,762,Borland 2003.pdf,Computer-generated tailored advice only,523.0
296383,763,Borland 2003.pdf,Control group,527.0
296319,589,Sorensen 2007.pdf,Intervention,134.0
296319,590,Sorensen 2007.pdf,Control,113.0
319587,645,Idrisov 2013.pdf,Program,60.0
319587,646,Idrisov 2013.pdf,Control,70.0
296474,850,Schofield 1999.pdf,Control,2465.0
296474,849,Schofield 1999.pdf,Intervention,2465.0
296368,433,Quist-Paulsen 2003.pdf,Intervention group,100.0
296368,434,Quist-Paulsen 2003.pdf,Control group,118.0
437578,2795,Yingst 0218.pdf,Control,76.0
437578,2794,Yingst 0218.pdf,Intervention,74.0
437533,2299,McClure 2018.pdf,Control,360.0
437533,2298,McClure 2018.pdf,Experimental (OH4L),358.0
263202,307,Mueller 2012.pdf,Experimental Group (EG),25.0
263202,308,Mueller 2012.pdf,Control Group (CG),33.0
437545,2343,Noonan 2018.pdf,Scheduled Gradual Reduction (SGR) Group,20.0
437545,2344,Noonan 2018.pdf,Control Group,20.0
296423,798,Etter 2004.pdf,Programme,1467.0
296423,799,Etter 2004.pdf,Control,1467.0
437458,2225,Martinez-Vispo 2019.pdf,SCBSCT-BA,110.0
437458,2226,Martinez-Vispo 2019.pdf,SCBSCT,109.0
437458,2227,Martinez-Vispo 2019.pdf,Waitlist,56.0
263234,347,Ratner 2004.pdf,Treatment,117.0
263234,348,Ratner 2004.pdf,Control,120.0
437456,2204,Lee 2019.pdf,Group 1 (auricular acupressure + counseling),18.0
437456,2206,Lee 2019.pdf,Control (self-help smoking cessation),18.0
437456,2205,Lee 2019.pdf,Group 2 (placebo acupressure + counseling),19.0
437485,2315,Brooks 2018.pdf,Intervention,121.0
437485,2316,Brooks 2018.pdf,Control,129.0
423042,2020,Smit 2016.pdf,computer tailoring and counseling,93.0
423042,2021,Smit 2016.pdf,computer tailoring without counseling,75.0
423042,2022,Smit 2016.pdf,usual care,64.0
423115,2106,Kahler 2015.pdf,Standard Treatment (ST),31.0
423115,2105,Kahler 2015.pdf,Positive Psychotherapy for Smoking Cessation (PPT-S),35.0
437454,2193,Jang 2019.pdf,Intervention,20.0
437454,2194,Jang 2019.pdf,Control,21.0
296453,829,Meyer 2012.pdf,Combination,748.0
296453,831,Meyer 2012.pdf,Brief advice,421.0
296453,830,Meyer 2012.pdf,Tailored letters,1121.0
296308,560,Reid 1999.pdf,Usual care,199.0
296308,559,Reid 1999.pdf,Telephone counseling,197.0
263071,137,Borrelli-2005.pdf,Motivational Enhancement (ME),76.0
263071,138,Borrelli-2005.pdf,Standard Care (SC),96.0
423116,2107,Kim 2015.pdf,Experimental condition,
423116,2108,Kim 2015.pdf,Control condition,
437453,2190,Hofmeyr 2019.pdf,Control Group,47.0
437453,2189,Hofmeyr 2019.pdf,Treatment Group,40.0
437482,2303,Baker_B_2018.pdf,Control,509.0
437482,2302,Baker_B_2018.pdf,Incentive,505.0
319596,664,Peterson 2009 - main paper.pdf,Counselor-initiated Telephone Intervention,1058.0
319596,665,Peterson 2009 - main paper.pdf,Control,1093.0
296337,416,Canga 2000.pdf,Control,133.0
296337,415,Canga 2000.pdf,Intervention,147.0
319589,651,Kelly 2006.pdf,Motivational Interviewing (MI),30.0
319589,652,Kelly 2006.pdf,Standard care,26.0
252980,15,2016 Babex trial main outcome paper.pdf,Single face-to-face session of quit advice plus a single training session on yogic breathing exercises (BAY-BE),611.0
252980,16,2016 Babex trial main outcome paper.pdf,Single face-to-face session of quit advice (VBA),602.0
437576,2651,Westmaas 2018.pdf,Basic email group (BEG),354.0
437576,2650,Westmaas 2018.pdf,Deluxe email group (DEG),376.0
437576,2652,Westmaas 2018.pdf,Single email group (SEG),340.0
319595,663,Pbert 2011.pdf,information-attention control,582.0
319595,662,Pbert 2011.pdf,counseling intervention,486.0
296408,778,Cuckle 1984.pdf,Control,719.0
296408,777,Cuckle 1984.pdf,Kit alone,643.0
296408,776,Cuckle 1984.pdf,Kit plus additional information,599.0
252899,56,Rose_1978_A randomised controlled trial of the.pdf,Intervention,714.0
252899,57,Rose_1978_A randomised controlled trial of the.pdf,Normal Care,731.0
437492,2342,Chan 2018.pdf,Control group,390.0
437492,2341,Chan 2018.pdf,Intervention group,441.0
263139,235,Point-prevalence abstinence at the 24-week,Modified Usual Care (UC),673.0
263139,233,Point-prevalence abstinence at the 24-week,Advice + Counseling (A+C),666.0
263139,234,Point-prevalence abstinence at the 24-week,Advice (A),678.0
263042,110,Dijkstra_1998_Tailored Interventions to Communicate Stage-Matched Information_10.10370022-006X.66.3.549.pdf,Self-efficacy-enhancing information only,385.0
263042,109,Dijkstra_1998_Tailored Interventions to Communicate Stage-Matched Information_10.10370022-006X.66.3.549.pdf,Outcome information only,384.0
263042,111,Dijkstra_1998_Tailored Interventions to Communicate Stage-Matched Information_10.10370022-006X.66.3.549.pdf,Control,385.0
263042,108,Dijkstra_1998_Tailored Interventions to Communicate Stage-Matched Information_10.10370022-006X.66.3.549.pdf,Both types of information,386.0
319576,627,Espada 2015.pdf,Project EX,35.0
319576,628,Espada 2015.pdf,Control,65.0
296356,428,Jiang 2007.pdf,Control,84.0
296356,427,Jiang 2007.pdf,Intervention,83.0
319594,661,O'Neill 2000.pdf,Control condition - health focused,
319594,660,O'Neill 2000.pdf,Experimental condition - smoking focused,
423089,1933,Levine 2016.pdf,Time and attention–controlled comparison (SUPPORT),150.0
423089,1932,Levine 2016.pdf,Strategies to Avoid Returning to Smoking (STARTS),150.0
296266,470,Emmons J Clin Oncol 2009.pdf,peer-delivered telephone counseling (PC),383.0
296266,471,Emmons J Clin Oncol 2009.pdf,self help (SH),385.0
263161,266,Lacasse-2007.pdf,Usual care,86.0
263161,265,Lacasse-2007.pdf,Smoking cessation intervention,85.0
437469,2335,Schnoll 2019.pdf,Extended,105.0
437469,2336,Schnoll 2019.pdf,Standard,102.0
296374,447,Tonnesen 1996.pdf,Control group,253.0
296374,446,Tonnesen 1996.pdf,Motivational group,254.0
423252,2138,Buller 2014.pdf,REQ-Mobile,51.0
423252,2139,Buller 2014.pdf,OnQ text messaging,51.0
319599,669,Redding 2015.pdf,Usual care,43.0
319599,668,Redding 2015.pdf,Transtheoretical model (TTM),45.0
263257,371,Simmons 2013.pdf,Group intervention,84.0
263257,373,Simmons 2013.pdf,Didactic,84.0
263257,370,Simmons 2013.pdf,Web-Smoke,81.0
263257,372,Simmons 2013.pdf,Web-nutrition,82.0
436364,2659,Peiris 2019.pdf,Intervention,25.0
436364,2660,Peiris 2019.pdf,Control,24.0
252912,9,Vetter_1990_Smoking prevention among people aged 60.pdf,Intervention,237.0
252912,10,Vetter_1990_Smoking prevention among people aged 60.pdf,Control,234.0
319600,671,Robinson 2003.pdf,Control,92.0
319600,670,Robinson 2003.pdf,Start to Stop (STS),169.0
423111,2072,Brody 2017.pdf,Treatment as usual (TAU),13.0
423111,2071,Brody 2017.pdf,COMB-EXT without HV,10.0
423111,2070,Brody 2017.pdf,COMB-EXT with HV,11.0
296329,615,Zhu 2012.pdf,Counseling + self-help,1124.0
296329,616,Zhu 2012.pdf,Self-help only,1153.0
296301,539,Osinubi 2003.pdf,Control,29.0
296301,538,Osinubi 2003.pdf,Intervention FREE & CLEAR,30.0
296264,468,Ebbert JADA 2007.pdf,brief smoking cessation counseling with referrals to tobacco use quitline,60.0
296264,469,Ebbert JADA 2007.pdf,brief smoking cessation counseling,22.0
437509,2250,Graham 2018.pdf,WEB + NRT,1313.0
437509,2251,Graham 2018.pdf,WEB + SN,1323.0
437509,2249,Graham 2018.pdf,WEB + SN + NRT,1317.0
437509,2252,Graham 2018.pdf,WEB,1337.0
263225,332,Pbert 2004 (c)primary paper.pdf,Usual Care (UC),
263225,331,Pbert 2004 (c)primary paper.pdf,Special Intervention (SI),
423065,2011,Cheung 2017.pdf,early-informed,379.0
423065,2013,Cheung 2017.pdf,control,379.0
423065,2012,Cheung 2017.pdf,late-informed,385.0
437521,2329,Leavens 2018.pdf,Assessment only control,55.0
437521,2328,Leavens 2018.pdf,Intervention,53.0
423091,1937,Pollak 2016.pdf,Intervention,188.0
423091,1938,Pollak 2016.pdf,Control,194.0
252984,21,2015 LEAP trial outcome paper.pdf,Supervised Exercise,392.0
252984,22,2015 LEAP trial outcome paper.pdf,Control,393.0
296262,467,Curry 1995.pdf,Control,324.0
296262,465,Curry 1995.pdf,Feedback,323.0
296262,464,Curry 1995.pdf,Phone,150.0
296262,466,Curry 1995.pdf,Booklet,327.0
321101,700,Etringer 1984.pdf,Enriched cohesiveness x satiation,72.0
321101,701,Etringer 1984.pdf,Standard cohesiveness x nicotine fading,72.0
321101,702,Etringer 1984.pdf,Standrad cohesiveness x satiation,72.0
321101,699,Etringer 1984.pdf,Enriched cohesiveness x nicotine fading,72.0
437559,2348,Sharma 2018.pdf,Counselling alone,397.0
437559,2347,Sharma 2018.pdf,Nicotine replacement therapy and behaviour change counselling,398.0
296278,503,Lando 1992.pdf,Intervention,1453.0
296278,504,Lando 1992.pdf,Control,1453.0
436345,2589,Abroms 2017.pdf,Intervention,250.0
436345,2590,Abroms 2017.pdf,Control,247.0
437579,2352,Zarghami 2018.pdf,Combined GSC-NRT,19.0
437579,2357,Zarghami 2018.pdf,Guided Self-Change,19.0
437579,2353,Zarghami 2018.pdf,Nicotine Replacement Therapy (NRT),19.0
423108,2063,Berndt 2014.pdf,face-to-face counseling + NRT,155.0
423108,2065,Berndt 2014.pdf,control,235.0
423108,2064,Berndt 2014.pdf,telephone counseling + NRT,218.0
437515,2322,Ho 2018.pdf,CDTQ Group,50.0
437515,2323,Ho 2018.pdf,QI group,50.0
278612,113,Mason_et_al-2012-Addiction.pdf,Standardised report (Control),881.0
278612,112,Mason_et_al-2012-Addiction.pdf,Tailored advice report,877.0
437478,2275,Anderson 2018.pdf,NP,1405.0
437478,2274,Anderson 2018.pdf,NP+FI,1407.0
437478,2276,Anderson 2018.pdf,UC,1004.0
296255,454,Aveyard 2003.pdf,Nurse,413.0
296255,457,Aveyard 2003.pdf,Control,690.0
296255,455,Aveyard 2003.pdf,Phone,685.0
296255,456,Aveyard 2003.pdf,Manual,683.0
296419,869,Dijkstra 1998a.pdf,No information (CO),250.0
296419,792,Dijkstra 1998a.pdf,Self-efficacy information (SE),244.0
296419,793,Dijkstra 1998a.pdf,Outcome information (OC),247.0
296419,791,Dijkstra 1998a.pdf,Both sorts of information (BO),249.0
263049,6,Abroms 2008.pdf,X-Pack,48.0
263049,7,Abroms 2008.pdf,Clearing the Air (CTA),35.0
296440,825,Lando 1988.pdf,Comparison,
296440,824,Lando 1988.pdf,Experimental Self-help,
252890,35,Hilberink_2005_Smoking cessation in patients with COPD_10.1016j.ypmed.2005.08.003.pdf,Smoking-Cessation Counselling (SMOCC),244.0
252890,36,Hilberink_2005_Smoking cessation in patients with COPD_10.1016j.ypmed.2005.08.003.pdf,Control,148.0
263219,326,Paek 2014.pdf,Conventional counselling,165.0
263219,325,Paek 2014.pdf,Intervention,167.0
263109,185,Froelicher 2010.pdf,Control group (CG),34.0
263109,184,Froelicher 2010.pdf,CG care plus tobacco industry and media (IAM),26.0
296332,412,Aveyard 2007.pdf,Basic,469.0
296332,411,Aveyard 2007.pdf,Weekly,456.0
263213,318,Ng 2010 DONE IN PILOT.pdf,Cessation clinic (CC),38.0
263213,317,Ng 2010 DONE IN PILOT.pdf,Doctors advise (DA),33.0
436348,2622,Auguston 2017.pdf,Low-frequency text contact (LFTC),4000.0
436348,2621,Auguston 2017.pdf,High-frequency text contact (HFTC),4000.0
321095,1044,Curry 1988.pdf,Absolute abstinence (AA - self help),41.0
321095,692,Curry 1988.pdf,Relapse prevention (RP - group),24.0
321095,1043,Curry 1988.pdf,Relapse prevention (RP - self help),50.0
321095,693,Curry 1988.pdf,Absolute abstinence (AA - group),24.0
296327,611,Zhu 1996.pdf,Single counseling,1143.0
296327,610,Zhu 1996.pdf,Multiple counseling,1046.0
296327,612,Zhu 1996.pdf,Self help,841.0
437501,2203,Dedert 2018.pdf,Placebo patch,44.0
437501,2202,Dedert 2018.pdf,Active patch,37.0
423255,1979,Vilaplana 2014.pdf,Intervention (SMS group),104.0
423255,1980,Vilaplana 2014.pdf,Control (no SMS group),125.0
263073,141,Brown 2007.pdf,Smoking CBT + Depression CBT + Burproprion (CBTD+BUP),
263073,144,Brown 2007.pdf,Smoking CBT + placebo (ST+PLAC),
263073,142,Brown 2007.pdf,Smoking CBT + Depression CBT + Placebo (CBTD+PLAC),
263073,143,Brown 2007.pdf,Smoking CBT + buproprion (ST+BUP),
437438,2244,Cheung 2019.pdf,Brief Advice,50.0
437438,2243,Cheung 2019.pdf,NRT + brief advice,50.0
423237,2117,Herbec 2014.pdf,MumsQuit,99.0
423237,2118,Herbec 2014.pdf,Brief-advice control website,101.0
263165,276,Leischow 2004.pdf,Over the counter (OTC),260.0
263165,275,Leischow 2004.pdf,Healthcare provider (HCP),260.0
263154,258,Jason1995 (true primary paper).pdf,Self-help,280.0
263154,256,Jason1995 (true primary paper).pdf,Group,280.0
263154,257,Jason1995 (true primary paper).pdf,Incentive,280.0
296384,765,Borland 2004.pdf,Control,537.0
296384,764,Borland 2004.pdf,Tailored advice,521.0
263163,271,Lando (1997).pdf,Orientation session only,174.0
263163,269,Lando (1997).pdf,Orientation + Help Line + Telephone Outreach,162.0
263163,270,Lando (1997).pdf,Orientation + Help Line,173.0
296271,486,Halpin 2006.pdf,drugs only,126.0
296271,485,Halpin 2006.pdf,drugs and counseling,140.0
296271,484,Halpin 2006.pdf,drugs if counseling,122.0
263229,341,Prapavessis 2016 (c) primary paper.pdf,Contact Control,89.0
263229,338,Prapavessis 2016 (c) primary paper.pdf,Exercise Maintenance + Smoking Cessation Maintenance,89.0
263229,339,Prapavessis 2016 (c) primary paper.pdf,Exercise Maintenance + Contact Control,89.0
263229,340,Prapavessis 2016 (c) primary paper.pdf,Smoking Cessation Maintenance + Contact Control,89.0
437577,2686,Windle 2018.pdf,Varenicline,148.0
437577,2687,Windle 2018.pdf,Placebo,151.0
437574,2674,Veldheer 2018.pdf,Forever Free (FF),115.0
437574,2675,Veldheer 2018.pdf,Control,115.0
263289,407,Yalcin 2014.pdf,Study group,175.0
263289,408,Yalcin 2014.pdf,Control group,175.0
252892,40,McDowell_1985_A randomized trial of three approaches.pdf,Group Behaviour Modification,87.0
252892,42,McDowell_1985_A randomized trial of three approaches.pdf,Physician Encouragement,87.0
252892,41,McDowell_1985_A randomized trial of three approaches.pdf,Group Health Education,84.0
252892,43,McDowell_1985_A randomized trial of three approaches.pdf,Control,78.0
423110,2069,Bricker 2014.pdf,CBT intervention,62.0
423110,2068,Bricker 2014.pdf,ACT intervention,59.0
296479,854,Sutton 2007.pdf,Control,743.0
296479,853,Sutton 2007.pdf,Intervention,765.0
296372,755,Sanders 1989.pdf,Controls,642.0
296372,753,Sanders 1989.pdf,Intervention,
263235,349,Reid 2008 (c) primary paper.pdf,Smoking Cessation (SC),153.0
263235,350,Reid 2008 (c) primary paper.pdf,Treatment as Usual (TAU),72.0
423124,1947,Stanton 2015.pdf,Brief advice (enhanced standard care [ESC]),148.0
423124,1946,Stanton 2015.pdf,Tailored intervention (Aurora),154.0
319582,635,Guo 2014.pdf,Control,49.0
319582,634,Guo 2014.pdf,Intervention,53.0
252904,66,Schnoll_2003_Brief physician initiated quit smoking strategies_10.1200JCO.2003.04.122.pdf,Usual Care,217.0
252904,65,Schnoll_2003_Brief physician initiated quit smoking strategies_10.1200JCO.2003.04.122.pdf,Physician-Based Intervention,215.0
437499,2182,Cooperman 2018.pdf,Control group,42.0
437499,2181,Cooperman 2018.pdf,Intervention group,41.0
263067,133,Blebil 2014.pdf,Telephone counselling,
263067,134,Blebil 2014.pdf,Control,
319572,620,Bailey 2013.pdf,Non-extended treatment,70.0
319572,619,Bailey 2013.pdf,Extended treatment,71.0
423067,2016,Dallery 2017.pdf,abstinent contingent group,48.0
423067,2017,Dallery 2017.pdf,submission contingent,46.0
437555,2646,Reid 2018.pdf,Wait-list Control,114.0
437555,2645,Reid 2018.pdf,OMSC Intervention,198.0
423120,2103,Patten 2017.pdf,Exercise,
423120,2104,Patten 2017.pdf,Health Education,
296253,17,Abdullah 2005.pdf,Intervention group,444.0
296253,18,Abdullah 2005.pdf,Control group,459.0
437496,2597,Clyde 2018.pdf,NRT,164.0
437496,2595,Clyde 2018.pdf,Varenicline,165.0
437496,2596,Clyde 2018.pdf,NRT+,170.0
437497,2326,Coleman-Cowger 2018.pdf,Intervention group,64.0
437497,2327,Coleman-Cowger 2018.pdf,Control group,64.0
296285,508,Lipkus 1999.pdf,Health care provider prompting intervention with tailored communications,55.0
296285,509,Lipkus 1999.pdf,Health care provider promoting intervention alone,53.0
296285,507,Lipkus 1999.pdf,Health care provider prompting intervention with tailored print communications and tailored telephone counseling,52.0
437565,2805,Simmons 2018.pdf,Standard Repeated Mailings,614.0
437565,2806,Simmons 2018.pdf,Traditional Self-help,638.0
437565,2804,Simmons 2018.pdf,Intensive Repeated Mailings,622.0
263272,393,Volpp 2009 primary paper.pdf,Incentive group,436.0
263272,394,Volpp 2009 primary paper.pdf,Control group,442.0
263107,182,Feeney 2001.pdf,Stanford Heart Attack Staying Free (SF),79.0
263107,183,Feeney 2001.pdf,Usual Care,62.0
437546,2363,O'Malley 2018.pdf,Placebo,67.0
437546,2362,O'Malley 2018.pdf,Varenicline,64.0
423088,1930,Hicks 2017.pdf,QUIT4EVER,5.0
423088,1931,Hicks 2017.pdf,Contact control,6.0
321132,726,Patten 2002.pdf,Behavioural Counselling (BC),26.0
321132,725,Patten 2002.pdf,Cognitive behavioural therapy (CBT),25.0
296425,804,Gilbert 2013.pdf,Intervention,3340.0
296425,805,Gilbert 2013.pdf,Control,3357.0
263278,399,Wiggers 2006a primary paper.pdf,Minimal intervention strategy adapted for cardiology inpatients (C+MIS+NRT),193.0
263278,400,Wiggers 2006a primary paper.pdf,Nicotine Replacement Therapy (NRT),191.0
263074,146,Brown-2013 primary.pdf,Standard Treatment (ST),22.0
263074,145,Brown-2013 primary.pdf,Distress Tolerance (DT),27.0
296295,523,Metz NTR 2007.pdf,group smoking cessation program with telephone booster sessions,99.0
296295,524,Metz NTR 2007.pdf,group smoking cessation program only,191.0
263104,179,Ellerbeck 2009 (c) primary paper.pdf,High-intensity disease management (HDM),244.0
263104,181,Ellerbeck 2009 (c) primary paper.pdf,Pharmacotherapy Management (PM),244.0
263104,180,Ellerbeck 2009 (c) primary paper.pdf,Moderate-intensity disease management (MDM),238.0
296300,537,Orleans 1998.pdf,Standard,
296300,536,Orleans 1998.pdf,Tailored,
263055,126,Ames 2007.pdf,Brief office (control),99.0
263055,125,Ames 2007.pdf,Expressive writing plus brief office,97.0
437503,2200,Dogar 2018.pdf,Varenicline,253.0
437503,2201,Dogar 2018.pdf,Placebo,257.0
296422,797,Dijkstra 1999.pdf,No-information control (CO),182.0
296422,796,Dijkstra 1999.pdf,Self-help guide (SHG),201.0
296422,794,Dijkstra 1999.pdf,Multiple-tailored intevention (MT),187.0
296422,795,Dijkstra 1999.pdf,Single-tailored intervention (ST),180.0
252896,50,Page_1986_Smoking cessation in family practice the.pdf,Physician advice plus nicotine chewing gum (NCG),22.0
252896,51,Page_1986_Smoking cessation in family practice the.pdf,Control,22.0
252896,49,Page_1986_Smoking cessation in family practice the.pdf,Advice only,22.0
296269,480,Gilbert 2006.pdf,Control,704.0
296269,479,Gilbert 2006.pdf,Repeated contact,753.0
423133,2040,Burns 2016.pdf,4-week arm,738.0
423133,2039,Burns 2016.pdf,8-week arm,757.0
436366,2665,Yu 2017.pdf,Intervention Group A (I-A),102.0
436366,2666,Yu 2017.pdf,Control Group,93.0
436366,2664,Yu 2017.pdf,Intervention Group B (I-B),97.0
319602,674,Scherphof 2014b.pdf,Nicotine patch,135.0
319602,675,Scherphof 2014b.pdf,Placebo patch,122.0
263210,311,Myles 1996.pdf,Message group,185.0
263210,312,Myles 1996.pdf,Control group,178.0
296476,851,Schumann 2008.pdf,Intervention,302.0
296476,852,Schumann 2008.pdf,Control,309.0
437529,2284,Luo 2018.pdf,Routine 5Rs (control),160.0
437529,2283,Luo 2018.pdf,Intensive personalized ‘5As+5Rs’ intervention (IPANR),160.0
263259,374,Simon 2003 DONE IN PILOT.pdf,Intensive counseling + telephone follow-up,102.0
263259,375,Simon 2003 DONE IN PILOT.pdf,Minimal contact intervention + transdermal nicotine,107.0
252982,19,2015 EARS outcome paper 1.pdf,Exercise Assisted Reduction to Stopping Smoking (EARRS),
252982,20,2015 EARS outcome paper 1.pdf,Usual Care,
280787,381,Smits 2016.pdf,Exercise (ST+EX),7.0
280787,382,Smits 2016.pdf,Wellness education control condition (ST+CTRL),6.0
296367,439,OXCHECK 1994.pdf,Intervention,2136.0
296367,441,OXCHECK 1994.pdf,Controls,3988.0
296260,462,Brown 1992.pdf,Manual plus telephone contact,45.0
296260,463,Brown 1992.pdf,Manual only,45.0
321120,716,Jason 1987.pdf,No group support (NG),192.0
321120,715,Jason 1987.pdf,Group support (G),233.0
252893,44,Meyer_2008_Proactive interventions for smoking cessation in_10.1111j.1360-0443.2007.02031.x.pdf,Tailored Letters,488.0
252893,46,Meyer_2008_Proactive interventions for smoking cessation in_10.1111j.1360-0443.2007.02031.x.pdf,Assessment only,609.0
252893,45,Meyer_2008_Proactive interventions for smoking cessation in_10.1111j.1360-0443.2007.02031.x.pdf,Brief Advice,402.0
437466,2267,Pericot-Valverde 2019.pdf,CBT,52.0
437466,2266,Pericot-Valverde 2019.pdf,CBT + CET,50.0
321094,688,Cottraux 1983.pdf,Behavior therapy,138.0
321094,691,Cottraux 1983.pdf,Control,140.0
321094,689,Cottraux 1983.pdf,Acupuncture,140.0
321094,690,Cottraux 1983.pdf,Placebo,140.0
296351,426,Hanssen 2007.pdf,Control,61.0
296351,425,Hanssen 2007.pdf,Intervention,77.0
263084,163,Ciccolo 2011.pdf,Resistance training,13.0
263084,164,Ciccolo 2011.pdf,Contact control,12.0
437491,2359,Campos 2018.pdf,Brief Intervention,45.0
437491,2358,Campos 2018.pdf,Intensive Intervention,45.0
263276,398,Whiteley 2012.pdf,Wellness program,164.0
263276,397,Whiteley 2012.pdf,Exercise program,166.0
252909,81,Stewart_1982_The impact of routine advice on.pdf,Questionnaire and Advice,345.0
252909,82,Stewart_1982_The impact of routine advice on.pdf,Questionnaire (Control),187.0
252909,80,Stewart_1982_The impact of routine advice on.pdf,"Questionnaire, Advice and Pamphlet",159.0
263085,165,Clark-2004.pdf,Internet resources,85.0
263085,166,Clark-2004.pdf,Standard materials,86.0
296313,569,Sims 2013.pdf,Self-help,201.0
296313,568,Sims 2013.pdf,Counseling intervention,209.0
437575,2679,Wang 2018.pdf,Acupuncture group,
437575,2681,Wang 2018.pdf,NRT group,
437575,2680,Wang 2018.pdf,Auricular point group,
296471,847,Prue 1983.pdf,Minimal contact (MCBF),30.0
296471,848,Prue 1983.pdf,Wait list (WLC),10.0
296406,774,Campbell 1986.pdf,How to Stop Smoking booklet,535.0
296406,775,Campbell 1986.pdf,Control,671.0
423117,2109,LaChance 2015.pdf,BCT-S,26.0
423117,2110,LaChance 2015.pdf,ST,23.0
263056,128,Ames 2014.pdf,Standard intervention,47.0
263056,127,Ames 2014.pdf,Integrated intervention,48.0
437455,2208,Kim 2019.pdf,Control group,33.0
437455,2207,Kim 2019.pdf,Aversive advice group,33.0
263170,279,Lou 2013 DONE IN PILOT.pdf,Behavioural intervention,1814.0
263170,280,Lou 2013 DONE IN PILOT.pdf,Control,1748.0
423478,1963,Battaglia 2016.pdf,MI-based home telehealth program,89.0
423478,1964,Battaglia 2016.pdf,Usual care,86.0
252978,92,2014 StopAdvisor outcome paper.pdf,Control,2292.0
252978,87,2014 StopAdvisor outcome paper.pdf,StopAdvisor,2321.0
296485,858,Webb 2013.pdf,Standard,208.0
296485,857,Webb 2013.pdf,Placebo-tailored,216.0
296486,860,Willemsen 2006.pdf,Control group,514.0
296486,859,Willemsen 2006.pdf,Intervention group,500.0
252911,85,Unrod_2007_Randomized controlled trial of a computer_10.1007s11606-006-0069-0.pdf,Computer-tailored intervention,237.0
252911,86,Unrod_2007_Randomized controlled trial of a computer_10.1007s11606-006-0069-0.pdf,Control,228.0
437541,2636,Mussulman 2018.pdf,Warm handoff,11.0
437541,2637,Mussulman 2018.pdf,Fax,14.0
263209,310,Murray 2008.pdf,Control,3.0
263209,309,Murray 2008.pdf,Intervention,3.0
296338,437,Carlsson 1997.pdf,Intervention,32.0
296338,438,Carlsson 1997.pdf,Usual Care,35.0
266058,132,Bize 2010.pdf,Control,
266058,131,Bize 2010.pdf,Physical Activity,
296371,445,Risser 1990.pdf,Control group,30.0
296371,444,Risser 1990.pdf,Motivational group,27.0
437433,2217,Aung 2019.pdf,Control,159.0
437433,2216,Aung 2019.pdf,Intervention,160.0
319574,623,Colby 2005.pdf,Motivational interviewing (MI),43.0
319574,624,Colby 2005.pdf,Brief advice (BA),42.0
436353,2808,Cobos-Campos 2017.pdf,Control,160.0
436353,2807,Cobos-Campos 2017.pdf,Intervention,160.0
263186,292,May-2006.pdf,Buddy condition,237.0
263186,293,May-2006.pdf,Control,326.0
296293,520,McClure 2011.pdf,Usual care,23.0
296293,519,McClure 2011.pdf,phone-based Step Up counseling plus usual care,23.0
436356,2685,Danaher 2019.pdf,QuitOnline,638.0
436356,2684,Danaher 2019.pdf,MobileQuit,633.0
252908,79,Slama_1990_The effectiveness of two smoking cessation.pdf,Control,106.0
252908,78,Slama_1990_The effectiveness of two smoking cessation.pdf,Simple advice,104.0
252908,77,Slama_1990_The effectiveness of two smoking cessation.pdf,Structured Behavioural Change,101.0
437558,2683,Ronaldson 2018.pdf,Waiting list,334.0
437558,2682,Ronaldson 2018.pdf,Tests now,340.0
296470,846,Prochaska 2005.pdf,Assessment only,437.0
296470,845,Prochaska 2005.pdf,Intervention,437.0
423078,1939,van den Brand 2018.pdf,Intervention,319.0
423078,1940,van den Brand 2018.pdf,Control,284.0
321137,730,Pisinger 2009.pdf,referral to group-based SC counselling (Group A),600.0
321137,731,Pisinger 2009.pdf,referral to internet-based SC programme (Group B),476.0
321137,732,Pisinger 2009.pdf,Control,442.0
436352,2788,Caponnetto 2017.pdf,Intervention,124.0
436352,2789,Caponnetto 2017.pdf,Control,63.0
423087,1929,Hayes 2018.pdf,Control,291.0
423087,1928,Hayes 2018.pdf,Treatment,286.0
252907,75,Seversen_1997_Reducing maternal smoking and relapse long.pdf,Extended,609.0
252907,76,Seversen_1997_Reducing maternal smoking and relapse long.pdf,Minimal,417.0
423070,1984,Fraser 2017.pdf,Control,952.0
423070,1983,Fraser 2017.pdf,Incentive,948.0
263045,114,Simmons_2007_Secondary Smoking Prevention in a University_10.10370278-6133.26.3.268.pdf,Exp-Smoke intervention,
263045,115,Simmons_2007_Secondary Smoking Prevention in a University_10.10370278-6133.26.3.268.pdf,Exp-Nutrition intervention,
263045,116,Simmons_2007_Secondary Smoking Prevention in a University_10.10370278-6133.26.3.268.pdf,Standard,
296312,567,Roski 2003.pdf,Control,1065.0
296312,566,Roski 2003.pdf,Incentive,
437445,2191,Durmaz 2019.pdf,WhatsApp arm,44.0
437445,2192,Durmaz 2019.pdf,Control arm,88.0
423119,2111,O'Cleirigh 2018.pdf,Treatment,26.0
423119,2112,O'Cleirigh 2018.pdf,Control,27.0
